{"elapsed_tokens": 10348672.0, "elapsed_examples": 19968.0, "training_loss": 0.0061551666362818, "training_sequence_accuracy": 1.0, "training_token_accuracy": 1.0, "validation_loss": 0.0082620982786819, "validation_sequence_accuracy": 0.75, "validation_token_accuracy": 0.967741935483871, "_timestamp": 1689474226.7801015, "_runtime": 16.82185459136963, "_step": 2496, "fine_tuned_model": "curie:ft-personal-2023-07-15-11-00-14", "status": "succeeded", "_wandb": {"runtime": 30}}