{"elapsed_tokens": 12520264.0, "elapsed_examples": 19976.0, "training_loss": 0.0039788779632555, "training_sequence_accuracy": 1.0, "training_token_accuracy": 1.0, "validation_loss": 0.0059313066109946, "validation_sequence_accuracy": 0.75, "validation_token_accuracy": 0.9571428571428572, "_timestamp": 1689319902.5661404, "_runtime": 13.905600309371948, "_step": 2497, "fine_tuned_model": "curie:ft-personal-2023-07-14-07-12-02", "status": "succeeded", "_wandb": {"runtime": 30}}