{"elapsed_tokens": 3111056.0, "elapsed_examples": 19152.0, "training_loss": 0.009768650234096, "training_sequence_accuracy": 0.875, "training_token_accuracy": 0.9876543209876544, "validation_loss": 0.0338271072554487, "validation_sequence_accuracy": 0.375, "validation_token_accuracy": 0.9207920792079208, "_timestamp": 1691289047.700939, "_runtime": 20.615663051605225, "_step": 2394, "fine_tuned_model": "curie:ft-personal-2023-08-05-23-22-50", "status": "succeeded", "_wandb": {"runtime": 34}}